project,display_name,email
EBM,EMPIRE BUILDING MANAGEMENT INC.,ebm@empirebm.com
12,INVESTISSEMENT B & R,brinvestments12@gmail.com
13,EMPIRE BUILDING MANAGEMENT INC.,dep93799399@gmail.com
14,EMPIRE BUILDING MANAGEMENT INC.,parkviewrealties@gmail.com
17,LES IMMEUBLES SIMO INC/SIMO REALTIES INC,simorealties@gmail.com
19,EMPIRE BUILDING MANAGEMENT INC.,bridgeview936@gmail.com
22,EMPIRE BUILDING MANAGEMENT INC.,shoreside103@gmail.com
24,9109-6271 QUEBEC INC.,terrasseroyale24@gmail.com
26,EMPIRE BUILDING MANAGEMENT INC.,seigneurielasalle@gmail.com
28,EMPIRE BUILDING MANAGEMENT INC.,orchideelasalle@gmail.com
30,9274-7427 QUEBEC INC.,chateaustbruno@hotmail.com
31,EMPIRE BUILDING MANAGEMENT INC.,lesbeauxerablesinc@gmail.com
32,9343-2326 QUEBEC INC.,villastgermain@outlook.com
33,EMPIRE BUILDING MANAGEMENT INC.,lebeauparc@gmail.com
34,EMPIRE BUILDING MANAGEMENT INC.,lepalaispierrefonds34@gmail.com
36,LES JARDINS CHAMBLY INC.,jardinschambly36@gmail.com
38,EMPIRE BUILDING MANAGEMENT INC.,labelleesplanadeinc@gmail.com
40,9448-3419 QUEBEC INC.,lebellerivetouchette@gmail.com
42,LE PRESTIGIEUX PIERREFONDS INC.,theprestigious42@gmail.com
44,EMPIRE BUILDING MANAGEMENT INC.,7050inc@gmail.com
46,EMPIRE BUILDING MANAGEMENT INC.,dep4875@gmail.com
48,,depluxueux@gmail.com
50,,dep1015inc@gmail.com
